{"cameraMode":{"drawMode":0,"name":"Shaded","section":"Shading Mode"},"sceneLighting":true,"audioPlay":false,"sceneViewState":{"showFog":true,"showMaterialUpdate":true,"showSkybox":true,"showFlares":true,"showImageEffects":true,"showParticleSystems":true},"in2DMode":false,"pivot":{"x":-11824.373046875,"y":2979.614501953125,"z":-8691.8671875},"rotation":{"x":0.11310318857431412,"y":0.43685024976730349,"z":-0.05547422170639038,"w":0.8906749486923218},"size":154.32704162597657,"orthographic":false}